name,Size,HP,AC,STR,DEX,CON,INT,WIS,CHA,Legendary Action,CR
Aarakocra,M,13,12,10,14,10,11,12,11,0,0.25
Abjurer,M,84,12,9,14,14,18,12,11,0,9.0
Aboleth,L,135,17,21,9,15,18,15,18,1,10.0
Abominable Yeti,H,137,15,24,10,22,9,13,9,0,9.0
Acolyte,M,9,10,10,10,10,10,14,11,0,0.25
Adult Black Dragon,H,195,19,23,14,21,14,13,17,1,14.0
Adult Blue Dracolich,H,225,19,25,10,23,16,15,19,1,17.0
Adult Blue Dragon,H,225,19,25,10,23,16,15,19,1,16.0
Adult Brass Dragon,H,172,18,23,10,21,14,13,17,0,13.0
Adult Bronze Dragon,H,212,19,25,10,23,16,15,19,1,15.0
Adult Copper Dragon,H,184,18,23,12,21,18,15,17,1,14.0
Adult Gold Dragon,H,256,19,27,14,25,16,15,24,1,17.0
Adult Green Dragon,H,207,19,23,12,21,18,15,17,1,15.0
Adult Red Dragon,H,256,19,27,10,25,16,13,21,1,17.0
Adult Silver Dragon,H,243,19,27,10,25,16,13,21,1,16.0
Adult White Dragon,H,200,18,22,10,22,8,12,12,1,13.0
Aerisi Kalinoth,M,66,13,8,16,12,17,10,16,0,7.0
Air Elemental,L,90,15,14,20,14,6,10,6,0,5.0
Air Elemental Myrmidon,M,117,18,18,14,14,9,10,10,0,7.0
Alhoon,M,120,15,11,12,16,19,17,17,0,10.0
Allosaurus,L,60,15,19,13,17,2,12,5,0,2.0
Ambush Drake,M,22,13,13,15,14,4,11,6,0,0.5
Ancient Black Dragon,G,367,22,27,14,25,16,15,19,1,21.0
Ancient Blue Dragon,G,481,22,29,10,27,18,17,21,1,23.0
Ancient Brass Dragon,G,297,20,27,10,25,16,15,19,1,20.0
Ancient Bronze Dragon,G,444,22,29,10,27,18,17,21,1,22.0
Ancient Copper Dragon,G,350,21,27,12,25,20,17,19,1,21.0
Ancient Gold Dragon,G,546,22,30,14,29,18,17,28,1,24.0
Ancient Green Dragon,G,385,21,27,12,25,20,17,19,1,22.0
Ancient Red Dragon,G,546,22,30,10,29,18,15,23,1,24.0
Ancient Silver Dragon,G,487,22,30,10,29,18,15,23,1,23.0
Ancient White Dragon,G,333,20,26,10,26,10,13,14,0,20.0
Androsphinx,L,199,17,22,10,20,16,18,23,1,17.0
Animated Armor,M,33,18,14,11,13,1,3,1,0,1.0
Animated Table,L,39,15,18,8,13,1,3,1,0,2.0
Ankheg,L,39,14,17,11,13,1,13,6,0,2.0
Ankylosaurus,H,68,15,19,11,15,2,12,5,0,3.0
Annis Hag,L,75,17,21,12,14,13,14,15,0,6.0
Ape,M,19,12,16,14,14,6,12,7,0,0.5
Apprentice Wizard,M,9,10,10,10,10,14,10,11,0,0.25
Arcanaloth,M,104,17,17,12,14,20,16,17,0,12.0
Archdruid,M,132,16,10,14,12,12,20,11,0,12.0
Archer,M,75,16,11,18,16,11,13,10,0,3.0
Archmage,M,99,12,10,14,12,20,15,16,0,12.0
Assassin,M,78,15,11,16,14,13,11,10,0,8.0
Augrek Brighthelm,M,13,15,14,11,15,10,11,11,0,0.0
Aurochs,L,38,11,20,10,19,2,12,5,0,2.0
Avatar of Death,M,0,20,16,16,16,16,16,16,0,0.0
Awakened Shrub,S,10,9,3,8,11,10,10,6,0,0.0
Awakened Tree,H,59,13,19,6,15,10,10,7,0,2.0
Awakened Zurkhwood,H,59,13,19,6,15,10,10,7,0,2.0
Axe Beak,L,19,11,14,12,12,2,10,5,0,0.25
Azbara Jos,M,39,13,9,16,14,16,13,11,0,4.0
Azer,M,39,17,17,12,15,12,13,10,0,2.0
Baba Lysaga,M,120,15,18,10,16,20,17,13,0,11.0
Baba Lysaga's Creeping Hut,G,263,16,26,7,20,1,3,3,0,11.0
Babau,M,82,16,19,16,16,11,12,13,0,4.0
Baboon,S,3,12,8,14,11,4,12,6,0,0.0
Badger,T,3,10,4,11,12,2,12,5,0,0.0
Balor,H,262,19,26,15,22,20,16,22,0,19.0
Banderhobb,L,84,15,20,12,20,11,14,8,0,5.0
Bandit,M,11,12,11,12,12,10,10,10,0,0.125
Bandit Captain,M,65,15,15,16,14,14,11,14,0,2.0
Banshee,M,58,12,1,14,10,12,11,17,0,4.0
Baphomet,H,333,22,30,14,26,18,24,16,1,23.0
Barbed Devil,M,110,15,16,17,18,12,14,14,0,5.0
Bard,M,44,15,11,14,12,10,13,14,0,2.0
Barghest,L,90,17,19,15,14,13,12,14,0,4.0
Barlgura,L,68,15,18,15,16,7,14,9,0,5.0
Barovian Witch,M,16,10,7,11,13,14,11,12,0,0.5
Basilisk,M,52,12,16,8,15,2,8,7,0,3.0
Bastian Thermandar,M,78,12,12,14,15,11,9,18,0,8.0
Bat,T,1,12,2,15,8,2,12,4,0,0.0
Bearded Devil,M,52,13,16,15,15,9,11,11,0,3.0
Behir,H,168,17,23,16,18,7,14,12,0,11.0
Beholder,L,189,18,10,14,18,17,15,17,1,13.0
Beholder Zombie,L,93,15,10,8,16,3,8,5,0,5.0
Beldora,M,18,12,10,14,10,16,12,16,0,0.0
Berserker,M,67,13,16,12,17,9,11,9,0,2.0
Bheur Hag,M,91,17,13,16,14,12,13,16,0,7.0
Black Bear,M,19,11,15,10,14,2,12,7,0,0.5
Black Dragon Wyrmling,M,33,17,15,14,13,10,11,13,0,2.0
Black Earth Guard,M,39,18,17,11,14,10,10,9,0,2.0
Black Earth Priest,M,45,17,15,11,14,12,10,16,0,3.0
Black Guard Drake,M,52,14,16,11,16,4,10,7,0,2.0
Black Pudding,L,85,7,16,5,16,1,6,1,0,4.0
Blackguard,M,153,18,18,11,18,11,14,15,0,8.0
Blagothkus,H,138,17,26,13,20,16,15,15,0,9.0
Blink Dog,M,22,13,12,17,12,10,13,11,0,0.25
Blood Hawk,S,7,12,6,14,10,3,14,5,0,0.125
Blue Dragon Wyrmling,M,52,17,17,10,15,12,11,15,0,3.0
Blue Guard Drake,M,52,14,16,11,16,4,10,7,0,2.0
Blue Slaad,L,123,15,20,15,18,7,7,9,0,7.0
Boar,M,11,11,13,11,12,2,9,5,0,0.25
Bodak,M,58,15,15,16,15,7,12,12,0,6.0
Boggle,S,18,14,8,18,13,6,12,7,0,0.125
Bone Devil,L,142,19,18,16,18,13,14,16,0,12.0
Bone Devil Polearm,L,142,19,18,16,18,13,14,16,0,12.0
Bone Naga (Guardian),L,58,15,15,16,12,15,15,16,0,4.0
Bone Naga (Spirit),L,58,15,15,16,12,15,15,16,0,4.0
Brass Dragon Wyrmling,M,16,16,15,10,13,10,11,13,0,1.0
Bridesmaid of Zuggtmoy,M,22,13,14,11,11,14,8,18,0,0.125
Brontosaurus,G,121,15,21,9,17,2,10,7,0,5.0
Bronze Dragon Wyrmling,M,32,17,17,10,15,12,11,15,0,2.0
Broom of Animated Attack,S,17,15,10,17,10,1,5,1,0,0.25
Brown Bear,L,34,11,19,10,16,2,13,7,0,1.0
Bugbear,M,27,16,15,14,13,8,11,9,0,1.0
Bugbear Chief,M,65,17,17,14,14,11,12,11,0,3.0
Bulette,L,94,17,19,11,21,2,10,5,0,5.0
Bullywug,M,11,15,12,12,13,7,10,7,0,0.25
Burrowshark,M,82,18,18,12,16,10,11,13,0,4.0
Cambion,M,82,19,18,18,16,14,12,16,0,5.0
Camel,L,15,9,16,8,14,2,8,5,0,0.125
Captain Othelstan,M,93,19,19,10,16,13,14,12,0,5.0
Carrion Crawler,L,51,13,14,13,16,1,12,5,0,2.0
Cat,T,2,12,3,15,10,3,12,7,0,0.0
Catoblepas,L,84,14,19,12,21,3,14,8,0,5.0
Cave Bear,L,42,12,20,10,16,2,13,7,0,2.0
Cave Fisher,M,58,16,16,13,14,3,10,3,0,3.0
Centaur,L,45,12,18,14,14,9,13,11,0,2.0
Centaur Mummy,L,85,13,20,12,16,5,14,12,0,6.0
Chain Devil,M,85,16,18,15,18,11,12,14,0,11.0
Chamberlain of Zuggtmoy,L,45,13,17,7,14,11,8,12,0,2.0
Champion,M,143,18,20,15,14,10,14,12,0,9.0
Chasme,L,84,15,15,15,12,11,14,10,0,6.0
Chimera,L,114,14,19,11,19,3,14,10,0,6.0
Chitine,S,18,14,10,14,12,10,10,7,0,0.5
Choldrith,M,15,15,12,16,12,11,14,10,0,3.0
Chuul,L,93,16,19,10,16,5,11,5,0,4.0
Chuul Spore Servant,L,93,16,19,10,16,2,6,1,0,4.0
Clay Golem,L,133,14,20,9,18,3,8,1,0,9.0
Cloaker,L,78,14,17,15,12,13,12,14,0,8.0
Cloud Giant,H,200,14,27,10,22,12,16,16,0,9.0
Cloud Giant Smiling One,H,262,15,26,12,22,15,16,17,0,11.0
Cockatrice,S,27,11,6,12,12,2,13,5,0,0.5
Commoner,M,4,10,10,10,10,10,10,10,0,0.0
Conjurer,M,40,12,9,14,11,17,12,11,0,6.0
Constrictor Snake,L,13,12,15,14,12,1,10,3,0,0.25
Copper Dragon Wyrmling,M,22,16,15,12,13,14,11,13,0,1.0
Couatl,M,97,19,16,20,17,18,20,18,0,4.0
Cow,L,15,10,18,10,14,2,10,4,0,0.25
Crab,T,2,11,2,11,10,1,8,2,0,0.0
Crag Cat,L,34,13,16,17,16,4,14,8,0,1.0
Cranium Rat,T,2,12,2,14,10,4,11,8,0,0.0
Crawling Claw,T,2,12,13,14,11,5,10,4,0,0.0
Crocodile,L,19,12,15,10,13,2,10,5,0,0.5
Crushing Wave Priest,M,52,13,15,11,14,10,11,16,0,2.0
Crushing Wave Reaver,M,22,14,15,14,13,10,11,8,0,0.5
Cult Fanatic,M,22,13,11,14,12,10,13,14,0,2.0
Cultist,M,9,12,11,12,10,10,11,10,0,0.125
Cyclops,H,138,14,22,11,20,8,6,10,0,6.0
Dao,L,187,18,23,12,24,12,13,14,0,11.0
Darathra Shendrel,M,52,14,16,11,14,11,11,15,0,0.0
Dark Tide Knight,M,58,13,17,16,14,10,11,11,0,3.0
Darkling,S,13,14,9,16,12,10,12,10,0,0.5
Darkling Elder,M,27,15,13,17,12,10,14,13,0,2.0
Darkmantle,S,22,11,16,12,13,2,10,5,0,0.5
Darz Helgar,M,27,12,15,15,12,10,11,11,0,0.0
Death Dog,M,39,12,15,14,14,3,13,6,0,1.0
Death Kiss,L,161,16,18,14,18,10,12,10,0,10.0
Death Knight,M,180,20,20,11,20,12,16,18,0,17.0
Death Slaad,M,170,18,20,15,19,15,10,16,0,10.0
Death Tyrant,L,187,19,10,14,14,19,15,19,1,14.0
Deathlock Wight,M,37,12,11,14,16,12,14,16,0,3.0
Deep Gnome (Svirfneblin),S,16,15,15,14,14,12,10,9,0,0.5
Deep Rothé,M,13,10,18,10,14,2,10,4,0,0.25
Deep Scion,M,67,11,18,13,16,10,12,14,0,3.0
Deer,M,4,13,11,16,11,2,14,5,0,0.0
Deinonychus,M,26,13,15,15,14,4,12,6,0,1.0
Demilich,T,80,20,1,20,10,20,17,20,1,18.0
Demogorgon,H,496,22,29,14,26,20,17,25,1,26.0
Derro,S,13,13,9,14,12,11,5,9,0,0.25
Derro Savant,S,49,13,9,14,12,11,5,14,0,3.0
Deva,M,136,17,18,18,18,17,20,20,0,10.0
Devourer,L,178,16,20,12,20,13,10,16,0,13.0
Dimetrodon,M,19,12,14,10,15,2,10,5,0,0.25
Dire Wolf,L,37,14,17,15,15,3,12,7,0,1.0
Displacer Beast,L,85,13,18,15,16,6,12,8,0,3.0
Diviner,M,67,12,9,14,11,18,12,11,0,8.0
Djinni,L,161,17,21,15,22,15,16,20,0,11.0
Dolphin,M,11,12,14,13,13,6,12,7,0,0.125
Doppelganger,M,52,14,11,18,14,11,12,14,0,3.0
Draegloth,L,123,15,20,15,18,13,11,11,0,7.0
Draft Horse,L,19,10,18,10,12,2,11,7,0,0.25
Dragon Turtle,G,341,20,25,10,20,10,12,12,0,17.0
Dragonclaw,M,16,14,9,16,13,11,10,12,0,1.0
Dragonfang,M,78,15,11,16,14,12,12,14,0,5.0
Dragonsoul,M,110,16,11,18,14,13,12,16,0,7.0
Dragonwing,M,33,14,11,16,13,11,11,13,0,2.0
Dralmorrer Borngray,M,52,16,18,14,14,16,10,8,0,3.0
Drannin Splithelm,M,93,18,19,10,18,11,8,12,0,7.0
Dread Warrior,M,37,18,15,11,16,10,12,10,0,1.0
Dretch,S,18,11,11,11,12,5,8,3,0,0.25
Drider,L,123,19,16,16,18,13,14,12,0,6.0
Drider Spellcaster,L,123,19,16,16,18,13,16,12,0,6.0
Droki,S,31,15,11,16,13,10,5,16,0,2.0
Drow,M,13,15,10,14,10,11,11,12,0,0.25
Drow Elite Warrior,M,71,18,13,18,14,11,13,12,0,5.0
Drow Mage,M,45,12,9,14,10,17,13,12,0,7.0
Drow Priestess of Lolth,M,71,15,10,14,12,13,17,18,0,8.0
Drow Spore Servant,M,13,15,10,14,10,2,6,1,0,0.125
Druid,M,27,11,10,12,13,12,15,11,0,2.0
Dryad,M,22,11,10,12,11,14,15,18,0,1.0
Duergar,M,26,16,14,11,14,11,10,9,0,1.0
Duergar Darkhaft,M,26,16,14,11,14,11,10,9,0,2.0
Duergar Kavalrachni,M,26,16,14,11,14,11,10,9,0,2.0
Duergar Keeper of the Flame,M,26,16,14,11,14,11,10,9,0,2.0
Duergar Soulblade,M,18,14,11,16,10,11,10,12,0,1.0
Duergar Spore Servant,M,26,16,14,11,14,2,6,1,0,0.5
Duergar Spy,M,33,15,10,16,12,12,10,13,0,2.0
Duergar Stone Guard,M,39,18,18,11,14,11,10,9,0,2.0
Duergar Xarron,M,26,18,16,11,14,11,10,9,0,2.0
Duodrone,M,11,15,11,13,12,6,10,7,0,0.25
Dust Mephit,S,17,12,5,14,10,9,11,10,0,0.5
Duvessa Shane,M,9,10,10,11,10,16,14,16,0,0.0
Eagle,S,3,12,6,15,10,2,14,7,0,0.0
Earth Elemental,L,126,17,20,8,20,5,10,5,0,5.0
Earth Elemental Myrmidon,M,127,18,18,10,17,8,10,10,0,7.0
Efreeti,L,200,17,22,12,24,16,15,16,0,11.0
Elder Brain,L,210,10,15,10,20,21,19,24,1,14.0
Elephant,H,76,12,22,9,17,3,11,6,0,4.0
Elizar Dryflagon,M,71,14,13,15,14,11,18,10,0,5.0
Elk,L,13,10,16,10,12,2,10,6,0,0.25
Empyrean,H,313,22,30,21,30,21,22,27,1,23.0
Enchanter,M,40,12,9,14,11,17,12,11,0,5.0
Erinyes,M,153,18,18,16,18,14,14,18,0,12.0
Eternal Flame Guardian,M,45,17,15,13,14,8,11,13,0,2.0
Eternal Flame Priest,M,52,12,12,15,14,10,11,16,0,3.0
Ettercap,M,44,13,14,15,13,7,12,8,0,2.0
Ettin,L,85,12,21,8,17,6,10,8,0,4.0
Evil Mage,M,22,12,9,14,11,17,12,11,0,1.0
Evoker,M,66,12,9,14,12,17,12,11,0,9.0
Ezmerelda d'Avenir,M,82,17,14,19,16,16,11,17,0,8.0
Faerie Dragon (Blue),T,14,15,3,20,13,14,12,16,0,2.0
Faerie Dragon (Green),T,14,15,3,20,13,14,12,16,0,2.0
Faerie Dragon (Indigo),T,14,15,3,20,13,14,12,16,0,2.0
Faerie Dragon (Orange),T,14,15,3,20,13,14,12,16,0,1.0
Faerie Dragon (Red),T,14,15,3,20,13,14,12,16,0,1.0
Faerie Dragon (Violet),T,14,15,3,20,13,14,12,16,0,2.0
Faerie Dragon (Yellow),T,14,15,3,20,13,14,12,16,0,1.0
Fathomer,M,52,10,14,11,14,11,11,15,0,2.0
Feathergale Knight,M,33,16,14,14,12,11,10,14,0,1.0
Female Steeder,L,30,14,15,16,14,2,10,3,0,1.0
Fire Elemental,L,102,13,10,17,16,6,10,7,0,5.0
Fire Elemental Myrmidon,M,117,18,13,18,15,9,10,10,0,7.0
Fire Giant,H,162,18,25,9,23,10,14,13,0,9.0
Fire Giant Dreadnought,H,187,21,27,9,23,8,10,11,0,14.0
Fire Snake,M,22,14,12,14,11,7,10,8,0,1.0
Firenewt Warlock of Imix,M,33,10,13,11,12,9,11,14,0,1.0
Firenewt Warrior,M,22,16,10,13,12,7,11,8,0,0.5
Flail Snail,L,52,16,17,5,20,3,10,5,0,3.0
Flameskull,T,40,13,1,17,14,16,10,11,0,4.0
Flamewrath,M,105,12,10,14,16,11,10,16,0,6.0
Flesh Golem,M,93,9,19,9,18,6,10,5,0,5.0
Flind,M,127,16,20,10,19,11,13,12,0,9.0
Flumph,S,7,12,6,15,10,14,14,11,0,0.125
Flying Snake,T,5,14,4,18,11,2,12,5,0,0.125
Flying Sword,S,17,17,12,15,11,1,5,1,0,0.25
Fomorian,H,149,14,23,10,20,9,14,6,0,8.0
Fraz-Urb'luu,L,350,18,29,12,25,26,24,26,1,23.0
Frog,T,1,11,1,13,8,1,8,3,0,0.0
Froghemoth,H,184,14,23,13,20,2,12,5,0,10.0
Frost Giant,H,138,15,23,9,21,9,10,12,0,8.0
Frost Giant Everlasting One,H,189,15,25,9,24,9,10,12,0,12.0
Frulam Mondath,M,44,16,14,10,13,11,18,15,0,2.0
Galeb Duhr,M,85,16,20,14,20,11,12,11,0,6.0
Gar Shatterkeel,M,30,16,15,15,16,12,18,13,0,9.0
Gargoyle,M,52,15,15,11,16,6,11,7,0,2.0
Gas Spore,L,1,5,5,1,3,1,1,1,0,0.5
Gauth,M,67,15,10,14,16,15,15,13,0,6.0
Gazer,T,13,13,3,17,14,3,10,7,0,0.5
Gelatinous Cube,L,84,6,14,3,20,1,6,1,0,2.0
Ghald,L,102,15,19,17,16,14,13,17,0,7.0
Ghast,M,36,13,16,17,10,11,10,8,0,2.0
Ghost,M,45,11,7,13,10,10,12,17,0,4.0
Ghoul,M,22,12,13,15,10,7,10,6,0,1.0
Giant Ape,H,157,12,23,14,18,7,12,7,0,7.0
Giant Badger,M,13,10,13,10,15,2,12,5,0,0.25
Giant Bat,L,22,13,15,16,11,2,12,6,0,0.25
Giant Boar,L,42,12,17,10,16,2,7,5,0,2.0
Giant Centipede,S,4,13,5,14,12,1,7,3,0,0.25
Giant Constrictor Snake,H,60,12,19,14,12,1,10,3,0,2.0
Giant Crab,M,13,15,13,15,11,1,9,3,0,0.125
Giant Crayfish,L,45,15,15,13,13,1,9,3,0,2.0
Giant Crocodile,H,85,14,21,9,17,2,10,7,0,5.0
Giant Eagle,L,26,13,16,17,13,8,14,10,0,1.0
Giant Elk,H,42,15,19,16,14,7,14,10,0,2.0
Giant Fire Beetle,S,4,13,8,10,12,1,7,3,0,0.0
Giant Fly,L,19,11,14,13,13,2,10,3,0,0.0
Giant Frog,M,18,11,12,13,11,2,10,3,0,0.25
Giant Goat,L,19,11,17,11,12,3,12,6,0,0.5
Giant Hyena,L,45,12,16,14,14,2,12,7,0,1.0
Giant Lightning Eel,L,42,13,11,17,16,2,12,3,0,3.0
Giant Lizard,L,19,12,15,12,13,2,10,5,0,0.25
Giant Octopus,L,52,11,17,13,13,4,10,4,0,1.0
Giant Owl,L,19,12,13,15,12,8,13,10,0,0.25
Giant Poisonous Snake,M,11,14,10,18,13,2,10,3,0,0.25
Giant Rat,S,7,12,7,15,11,2,10,4,0,0.125
Giant Rat (Diseased),S,7,12,7,15,11,2,10,4,0,0.125
Giant Scorpion,L,52,15,15,13,15,1,9,3,0,3.0
Giant Sea Horse,L,16,13,12,15,11,2,12,5,0,0.5
Giant Shark,H,126,13,23,11,21,1,10,5,0,5.0
Giant Spider,L,26,14,14,16,12,2,11,4,0,1.0
Giant Strider,L,22,14,18,13,14,4,12,6,0,1.0
Giant Subterranean Lizard,H,66,14,21,9,17,2,10,7,0,4.0
Giant Toad,L,39,11,15,13,13,2,10,3,0,1.0
Giant Vulture,L,22,10,15,10,15,6,12,7,0,1.0
Giant Wasp,M,13,12,10,14,10,1,10,3,0,0.5
Giant Weasel,M,9,13,11,16,10,4,12,5,0,0.125
Giant Wolf Spider,M,11,13,12,16,13,3,12,4,0,0.25
Gibbering Mouther,M,67,9,10,8,16,3,10,6,0,2.0
Girallon,L,59,13,18,16,16,5,12,7,0,4.0
Githyanki Knight,M,91,18,16,14,15,14,14,15,0,8.0
Githyanki Warrior,M,49,17,15,14,12,13,13,10,0,3.0
Githzerai Monk,M,38,14,12,15,12,13,14,10,0,2.0
Githzerai Zerth,M,84,17,13,18,15,16,17,12,0,6.0
Glabrezu,L,157,17,20,15,21,19,17,16,0,9.0
Gladiator,M,112,16,18,15,16,10,12,15,0,5.0
Gnoll,M,22,15,14,12,11,6,10,7,0,0.5
Gnoll Fang of Yeenoghu,M,65,14,17,15,15,10,11,13,0,4.0
Gnoll Flesh Gnawer,M,22,14,12,14,12,8,10,8,0,1.0
Gnoll Hunter,M,22,13,14,14,12,8,12,8,0,0.5
Gnoll Pack Lord,M,49,15,16,14,13,8,11,9,0,2.0
Gnoll Witherling,M,11,12,14,8,12,5,5,5,0,0.25
Goat,M,4,10,12,10,11,2,10,5,0,0.0
Goblin,S,7,15,8,14,10,10,8,8,0,0.25
Goblin Boss,S,21,17,10,14,10,10,8,10,0,1.0
Gold Dragon Wyrmling,M,60,17,19,14,17,14,11,16,0,3.0
Gorgon,L,114,19,20,11,18,2,12,7,0,5.0
Goristro,H,310,19,25,11,15,6,13,14,0,17.0
Gray Ooze,M,22,8,12,6,16,1,6,2,0,0.5
Gray Ooze (Psychic),M,22,8,12,6,16,6,6,2,0,0.5
Gray Slaad,M,127,18,17,17,16,13,8,14,0,9.0
Graz'zt,L,378,20,22,15,21,23,21,26,1,24.0
Greater Zombie,M,97,15,18,10,17,4,6,6,0,5.0
Green Dragon Wyrmling,M,38,17,15,12,13,14,11,13,0,2.0
Green Guard Drake,M,52,14,16,11,16,4,10,7,0,2.0
Green Hag,M,82,17,18,12,16,13,14,14,0,3.0
Green Slaad,L,127,16,18,15,16,11,8,12,0,8.0
Grell,M,55,12,15,14,13,12,11,9,0,3.0
Grick,M,27,14,14,14,11,3,14,5,0,2.0
Grick Alpha,L,75,18,18,16,15,4,14,9,0,7.0
Griffon,L,59,12,18,15,16,2,13,8,0,2.0
Grimlock,M,11,11,16,12,12,9,8,6,0,0.25
Grisha,M,33,18,14,12,12,11,14,16,0,2.0
Grung,S,11,12,7,14,15,10,11,10,0,0.25
Grung Elite Warrior,S,49,13,7,16,15,10,11,12,0,2.0
Grung Wildling,S,27,13,7,16,15,10,15,11,0,1.0
Guard,M,11,16,13,12,12,10,11,10,0,0.125
Guard Drake,M,52,14,16,11,16,4,10,7,0,2.0
Guardian Naga,L,127,18,19,18,16,16,19,18,0,10.0
Guardian Portrait,M,22,5,1,1,10,14,10,10,0,1.0
Gynosphinx,L,136,17,18,15,16,18,18,18,1,11.0
Hadrosaurus,L,19,11,15,10,13,2,10,5,0,0.25
Half-Ogre (Ogrillon),L,30,12,17,10,14,7,9,10,0,1.0
Half-Red Dragon Veteran,M,65,18,16,13,14,10,11,10,0,5.0
Harpy,M,38,11,12,13,12,7,10,13,0,1.0
Hawk,T,1,13,5,16,8,2,14,6,0,0.0
Hell Hound,M,45,15,17,12,14,6,13,6,0,3.0
Hellenrae,M,78,16,13,18,14,10,15,13,0,5.0
Helmed Horror,M,60,20,18,13,16,10,10,10,0,4.0
Hezrou,L,136,16,19,17,20,5,12,13,0,8.0
Hill Giant,H,105,13,21,8,19,5,9,6,0,5.0
Hippogriff,L,19,11,17,13,13,2,12,8,0,1.0
Hobgoblin,M,11,18,13,12,12,10,10,9,0,0.5
Hobgoblin Captain,M,39,17,15,14,14,12,10,13,0,3.0
Hobgoblin Devastator,M,45,13,13,12,14,16,13,11,0,4.0
Hobgoblin Iron Shadow,M,32,15,14,16,15,14,15,11,0,2.0
Hobgoblin Warlord,M,97,20,16,14,16,14,11,15,0,6.0
Homunculus,T,5,13,4,15,11,10,10,7,0,0.0
Hook Horror,L,75,15,18,10,15,6,12,7,0,3.0
Hook Horror Spore Servant,M,75,15,18,10,15,2,6,1,0,3.0
Horned Devil,L,178,18,22,17,21,12,16,17,0,11.0
Howling Hatred Initiate,M,9,13,10,15,10,10,9,11,0,0.125
Howling Hatred Priest,M,45,15,12,16,10,14,10,14,0,2.0
Hulking Crab,H,76,17,19,8,16,3,11,3,0,5.0
Hunter Shark,L,45,12,18,13,15,1,10,4,0,2.0
Hurricane,M,33,14,12,16,13,10,12,10,0,2.0
Hydra,H,172,15,20,12,20,2,10,7,0,8.0
Hyena,M,5,11,11,13,12,2,12,5,0,0.0
Ice Devil,L,180,18,21,14,18,18,15,18,0,14.0
Ice Devil Spear,L,180,18,21,14,18,18,15,18,0,14.0
Ice Mephit,S,21,11,7,13,10,9,11,12,0,0.5
Ice Toad,M,32,12,13,10,14,8,10,6,0,1.0
Illithilich,M,135,17,11,16,16,20,14,16,1,22.0
Illusionist,M,38,12,9,14,13,16,11,12,0,3.0
Imix,H,325,17,19,24,22,15,16,23,1,19.0
Imp,T,10,13,6,17,13,11,12,14,0,1.0
Intellect Devourer,T,21,12,6,14,13,12,11,10,0,2.0
Invisible Stalker,M,104,14,16,19,14,10,15,11,0,6.0
Iron Golem,L,210,20,24,9,20,3,11,1,0,16.0
Ixitxachitl,S,18,15,12,16,13,12,13,7,0,0.25
Ixitxachitl Cleric,S,18,15,12,16,13,12,13,7,0,0.25
"Iymrith, Ancient Blue Dragon",G,481,22,29,10,27,18,17,21,1,23.0
Izek Strazni,M,112,14,18,15,16,10,9,15,0,5.0
Jackal,S,3,12,8,15,11,3,12,6,0,0.0
Jackalwere,M,18,12,11,15,11,13,11,10,0,0.5
Jamna Gleamsilver,S,22,15,8,17,14,15,10,12,0,1.0
Juiblex,H,350,18,24,10,23,20,20,16,1,23.0
Kalka-Kylla,L,85,15,17,12,16,15,16,12,0,3.0
Kelpie,M,67,14,14,14,16,7,12,10,0,4.0
Kenku,M,13,13,10,16,10,11,10,10,0,0.25
Ki-rin,H,152,20,21,16,16,19,20,20,1,12.0
Killer Whale,H,90,12,19,10,13,3,12,7,0,3.0
Knight,M,52,18,16,11,14,11,11,15,0,3.0
Kobold,S,5,12,7,15,9,8,7,8,0,0.125
Kobold Dragonshield,S,44,15,12,15,14,8,9,10,0,1.0
Kobold Inventor,S,13,12,7,15,12,8,7,8,0,0.25
Kobold Scale Sorcerer,S,27,15,7,15,14,10,9,14,0,1.0
Korred,S,102,17,23,14,20,10,15,9,0,7.0
Kraken,G,472,18,30,11,25,22,18,20,1,23.0
Kraken Priest,M,75,10,12,10,16,10,15,14,0,5.0
Kuo-Toa,M,18,13,13,10,11,11,10,8,0,0.25
Kuo-Toa Archpriest,M,97,13,16,14,16,13,16,14,0,6.0
Kuo-Toa Monitor,M,65,13,14,10,14,12,14,11,0,2.0
Kuo-Toa Whip,M,65,11,14,10,14,12,14,11,0,1.0
Lamia,L,97,13,16,13,15,14,15,16,0,4.0
Langdedrosa Cyanwrath,M,57,17,19,13,16,10,14,12,0,4.0
Lemure,M,13,7,10,5,11,1,11,3,0,0.0
Leucrotta,L,67,14,18,14,15,9,12,6,0,3.0
Lich,M,135,17,11,16,16,20,14,16,1,21.0
Lifferlas,H,59,13,19,6,15,10,10,7,0,0.0
Lion,L,26,12,17,15,13,3,12,8,0,1.0
Lizard,T,2,10,2,11,10,1,8,3,0,0.0
Lizard King/Queen,M,78,15,17,12,15,11,11,15,0,4.0
Lizardfolk,M,22,15,15,10,13,7,12,7,0,0.5
Lizardfolk Shaman,M,27,13,15,10,13,10,15,8,0,2.0
Madam Eva,M,88,10,8,11,12,17,20,18,0,10.0
Maegera the Dawn Titan,G,341,16,21,22,20,10,10,19,1,23.0
Mage,M,40,12,9,14,11,17,12,11,0,6.0
Magma Mephit,S,22,11,8,12,12,7,10,10,0,0.5
Magmin,S,9,14,7,15,12,8,11,10,0,0.5
Male Steeder,M,13,12,15,12,14,2,10,3,0,0.25
Malformed Kraken,H,172,17,25,11,20,11,15,15,0,10.0
Mammoth,H,126,13,24,9,21,3,11,6,0,6.0
Manes,S,9,9,10,9,13,3,8,4,0,0.125
Manticore,L,68,14,17,16,17,7,12,8,0,3.0
Marid,L,229,17,22,12,26,18,17,18,0,11.0
Marilith,L,189,18,18,20,20,18,16,20,0,16.0
Markham Southwell,M,58,17,15,13,14,11,16,14,0,0.0
Marlos Urnrayle,M,136,15,17,11,18,12,13,17,0,8.0
Martial Arts Adept,M,60,16,11,17,13,11,16,10,0,3.0
Master Thief,M,83,16,11,18,14,11,11,12,0,5.0
Mastiff,M,5,12,13,14,12,3,12,7,0,0.125
Maw Demon,M,33,13,14,8,13,5,8,5,0,1.0
Medusa,M,127,15,10,15,16,12,13,15,0,6.0
Meenlock,S,31,15,7,15,12,11,10,8,0,2.0
Merfolk,M,11,11,10,13,12,11,11,12,0,0.125
Merrow,L,45,13,18,10,15,8,10,9,0,2.0
Mezzoloth,M,75,18,18,11,16,7,10,11,0,5.0
Mimic,M,58,12,17,12,15,5,13,8,0,2.0
Mind Flayer,M,71,15,11,12,12,19,17,17,0,7.0
Mind Flayer Arcanist,M,71,15,11,12,12,19,17,17,0,8.0
Mind Flayer Psion,M,71,15,11,12,12,19,17,17,0,8.0
Mindwitness,L,75,15,10,14,14,15,15,10,0,5.0
Minotaur,L,76,14,18,11,16,6,16,9,0,3.0
Minotaur Skeleton,L,67,12,18,11,15,6,8,5,0,2.0
Miraj Vizann,M,82,10,12,10,17,13,11,18,0,6.0
Miros Xelbrin,M,22,10,16,10,15,11,12,14,0,0.0
Mongrelfolk,M,26,11,12,9,15,9,10,6,0,0.25
Monodrone,M,5,15,10,13,12,4,10,5,0,0.125
Morkoth,M,130,17,14,14,14,20,15,13,0,11.0
Mormesk the Wraith,M,45,13,6,16,16,12,14,15,0,3.0
Mouth of Grolantor,H,105,14,21,10,18,5,7,5,0,6.0
Mud Mephit,S,27,11,8,12,12,9,11,7,0,0.25
Mule,M,11,10,14,10,13,2,10,5,0,0.125
Mummy,M,58,11,16,8,15,6,10,12,0,3.0
Mummy Lord,M,97,17,18,10,17,11,18,16,1,15.0
Myconid Adult,M,22,12,10,10,12,10,13,7,0,0.5
Myconid Sovereign,L,60,13,12,10,14,13,15,10,0,2.0
Myconid Sprout,S,7,10,8,10,10,8,11,5,0,0.0
Naergoth Bladelord,M,135,18,20,12,16,12,14,16,0,11.0
Nalfeshnee,L,184,18,21,10,22,19,12,15,0,13.0
Narrak,S,40,12,9,14,13,14,5,16,0,2.0
Narth Tezrin,M,18,12,10,15,10,12,14,16,0,0.0
Naxene Drathkala,M,27,10,8,11,11,17,12,11,0,0.0
Necromancer,M,66,12,9,14,12,17,12,11,0,9.0
Needle Blight,M,11,12,12,12,13,4,8,3,0,0.25
Neogi,S,33,15,6,16,14,13,12,15,0,3.0
Neogi Hatchling,T,7,11,3,13,10,6,10,9,0,0.125
Neogi Master,M,71,15,6,16,14,16,12,18,0,4.0
Neothelid,G,325,16,27,7,21,3,16,12,0,13.0
Nereid,M,44,13,10,17,12,13,14,16,0,2.0
Neronvain,M,117,17,8,17,15,16,13,18,0,9.0
Nezznar the Black Spider,M,27,11,9,13,10,16,14,13,0,2.0
Night Hag,M,112,17,18,15,16,16,14,16,0,5.0
Nightmare,L,68,13,18,15,16,10,13,15,0,3.0
Nilbog,S,7,13,8,14,10,10,8,15,0,1.0
Noble,M,9,15,11,12,11,12,14,16,0,0.125
Nothic,M,45,15,14,16,16,13,10,8,0,2.0
Nycaloth,L,123,18,20,11,19,12,10,15,0,9.0
Ochre Jelly,L,45,8,15,6,14,2,6,1,0,2.0
Octopus,S,3,12,4,15,11,3,10,4,0,0.0
Ogre,L,59,11,19,8,16,5,7,7,0,2.0
Ogre Zombie,L,85,8,19,6,18,3,6,5,0,2.0
Ogremoch,G,526,20,26,11,28,11,15,22,1,20.0
Olhydra,H,324,18,21,22,24,17,18,23,1,18.0
One-Eyed Shiver,M,49,12,10,14,12,13,13,17,0,3.0
Oni,L,110,16,19,11,16,14,12,15,0,7.0
Ooze Master,H,138,9,16,1,20,17,10,16,0,10.0
Orc,M,15,13,16,12,16,7,11,10,0,0.5
Orc Blade of Ilneval,M,60,18,17,11,17,10,12,14,0,4.0
Orc Claw of Luthic,M,45,14,14,15,16,10,15,11,0,2.0
Orc Eye of Gruumsh,M,45,16,16,12,17,9,13,12,0,2.0
Orc Hand of Yurtrus,M,30,12,12,11,16,11,14,9,0,2.0
Orc Nurtured One of Yurtrus,M,30,9,15,8,16,7,11,7,0,0.5
Orc Red Fang of Shargaas,M,52,15,11,16,15,9,11,9,0,3.0
Orc War Chief,M,93,16,18,12,18,11,11,16,0,4.0
Orcus,H,405,17,27,14,25,20,20,25,1,26.0
Oreioth,M,39,11,8,13,14,16,9,11,0,2.0
Oren Yogilvy,S,9,11,8,13,12,11,10,16,0,0.0
Orog,M,42,18,18,12,18,12,11,12,0,2.0
Otyugh,L,114,14,16,11,19,6,13,6,0,5.0
Owl,T,1,11,3,13,8,2,12,7,0,0.0
Owlbear,L,59,13,20,12,17,3,12,7,0,3.0
Ox,L,15,10,18,10,14,2,10,4,0,0.25
Panther,M,13,12,14,15,10,3,14,7,0,0.25
Pegasus,L,59,12,18,15,16,10,15,13,0,2.0
Pentadrone,M,32,16,15,14,12,10,10,13,0,2.0
Peryton,M,33,13,16,12,13,9,12,10,0,2.0
Phantom Warrior,M,45,16,16,11,16,8,10,15,0,1.0
Pharblex Spattergoo,M,59,15,15,12,18,11,16,7,0,3.0
Phase Spider,L,32,13,15,15,12,6,10,6,0,3.0
Pidlwick II,S,10,14,10,14,11,8,13,10,0,0.25
Piercer,L,22,15,10,13,16,1,7,3,0,0.5
Pit Fiend,L,300,19,26,14,24,22,18,24,0,20.0
Pixie,T,1,15,2,20,8,10,14,15,0,0.25
Planetar,L,200,19,24,20,24,19,22,25,0,16.0
Plesiosaurus,L,68,13,18,15,16,2,12,5,0,2.0
Poisonous Snake,T,2,13,2,16,11,1,10,3,0,0.125
Polar Bear,L,42,12,20,10,16,2,13,7,0,2.0
Poltergeist,M,22,12,1,14,11,10,10,11,0,2.0
Pony,M,11,10,15,10,13,2,11,7,0,0.125
Priest,M,27,13,10,10,12,13,16,13,0,2.0
Pseudodragon,T,7,13,6,15,13,10,12,10,0,0.25
Pteranodon,M,13,13,12,15,10,2,9,5,0,0.25
Purple Worm,G,247,18,28,7,22,1,8,4,0,15.0
Purple Wormling,L,42,12,16,7,16,1,6,2,0,2.0
Quadrone,M,22,16,12,14,12,10,10,11,0,1.0
Quaggoth,M,45,13,17,12,16,6,12,7,0,2.0
Quaggoth Spore Servant,M,45,13,17,12,16,2,6,1,0,1.0
Quaggoth Thonot,M,45,13,17,12,16,6,12,7,0,3.0
Quasit,T,7,13,5,17,10,7,10,10,0,1.0
Quetzalcoatlus,H,30,13,15,13,13,2,10,5,0,2.0
Quickling,T,10,16,4,23,13,10,12,7,0,1.0
Quipper,T,1,13,2,16,9,1,7,2,0,0.0
Rahadin,M,135,18,14,22,17,15,16,18,0,10.0
Rakshasa,M,110,16,14,17,18,13,16,20,0,13.0
Rat,T,1,10,2,11,9,2,10,4,0,0.0
Rath Modar,M,71,13,11,16,14,18,14,10,0,6.0
Raven,T,1,12,2,14,8,2,12,6,0,0.0
Razerblast,M,112,17,16,11,16,9,10,13,0,5.0
Red Dragon Wyrmling,M,75,17,19,10,17,12,11,15,0,4.0
Red Guard Drake,M,52,14,16,11,16,4,10,7,0,2.0
Red Slaad,L,93,14,16,12,16,6,6,7,0,5.0
Redbrand Ruffian,M,16,14,11,14,12,9,9,11,0,0.5
Redcap,S,45,13,18,13,18,10,12,9,0,3.0
Reef Shark,M,22,12,14,13,13,1,10,4,0,0.5
Remorhaz,H,195,17,24,13,21,4,10,5,0,11.0
Revenant,M,136,13,18,14,18,13,16,18,0,5.0
Rezmir,M,90,13,18,16,16,15,12,14,1,7.0
Rhinoceros,L,45,11,21,8,15,2,12,6,0,2.0
Rictavio,M,77,12,9,12,13,16,18,16,0,5.0
Riding Horse,L,13,10,16,10,12,2,11,7,0,0.25
Roc,G,248,15,28,10,20,3,10,9,0,11.0
Roper,L,93,20,18,8,17,7,16,6,0,5.0
Rothé,L,15,10,18,10,14,2,10,4,0,0.25
Rug of Smothering,L,33,12,17,14,10,1,3,1,0,2.0
Rust Monster,M,27,14,13,12,13,2,13,6,0,0.5
Saber-Toothed Tiger,L,52,12,18,14,15,3,12,8,0,2.0
Sacred Stone Monk,M,22,14,13,15,12,10,14,9,0,0.5
Sahuagin,M,22,12,13,11,12,12,13,9,0,0.5
Sahuagin Baron,M,76,16,19,15,16,14,13,17,0,5.0
Sahuagin Priestess,M,33,12,13,11,12,12,14,13,0,2.0
Salamander,L,90,15,18,14,15,11,10,12,0,5.0
Satyr,M,31,14,12,16,11,12,10,14,0,0.5
Scarecrow,M,36,11,11,13,11,10,10,13,0,1.0
Scorpion,T,1,11,2,11,8,1,8,2,0,0.0
Scout,M,16,13,11,14,12,11,13,11,0,0.5
Sea Hag,M,52,14,16,13,16,12,12,13,0,2.0
Sea Horse,T,1,11,1,12,8,1,10,2,0,0.0
Sea Lion,L,90,15,17,15,15,3,12,8,0,5.0
Sea Spawn,M,32,11,15,8,15,6,10,8,0,1.0
Severin,M,150,16,10,13,16,17,12,20,1,11.0
Shadow,M,16,12,6,14,13,6,10,8,0,0.5
Shadow Demon,M,66,13,1,17,12,14,13,14,0,4.0
Shadow Mastiff,M,33,12,16,14,13,5,12,5,0,2.0
Shalvus Martholio,M,27,13,10,15,10,12,14,14,0,0.0
Shambling Mound,L,136,15,18,8,16,5,10,5,0,5.0
Sharwyn Hucrele,M,13,16,11,13,14,16,14,9,0,0.5
Shield Guardian,L,142,17,18,8,18,7,10,3,0,7.0
Shoalar Quanderil,M,60,10,11,12,16,14,10,17,0,4.0
Shoosuva,L,110,14,18,13,17,7,14,9,0,8.0
Shrieker,M,13,5,1,1,10,1,3,1,0,0.0
Sildar Hallwinter,M,27,16,13,10,12,10,11,10,0,1.0
Silver Dragon Wyrmling,M,45,17,19,10,17,12,11,15,0,2.0
Sir Baric Nylef,M,52,18,18,11,14,11,15,15,0,0.0
Sir Braford,M,19,18,16,9,14,10,13,14,0,0.5
Sirac of Suzail,M,22,14,14,17,11,12,13,16,0,0.0
Siren,M,38,14,10,18,12,13,14,16,0,3.0
Skeleton,M,13,13,10,14,15,6,8,5,0,0.25
Skyweaver,M,44,12,8,14,12,11,10,16,0,3.0
Slaad Tadpole,T,10,12,7,15,10,3,5,3,0,0.125
Slithering Tracker,M,32,14,16,19,15,10,14,11,0,3.0
Smoke Mephit,S,22,12,6,14,12,10,10,11,0,0.25
Solar,L,243,21,26,22,26,25,25,30,1,21.0
Spawn of Kyuss,M,76,10,16,11,18,5,7,3,0,5.0
Spectator,M,39,14,8,14,14,13,14,11,0,3.0
Specter,M,22,12,1,14,11,10,10,11,0,1.0
Spider,T,1,12,2,14,8,1,10,2,0,0.0
Spined Devil,S,22,13,10,15,12,11,14,8,0,2.0
Spirit Naga,L,75,15,18,17,14,16,15,16,0,8.0
Sprite,T,2,15,3,18,10,14,13,11,0,0.25
Spy,M,27,12,10,15,10,12,14,16,0,1.0
Steam Mephit,S,21,10,5,11,10,11,10,12,0,0.25
Stegosaurus,H,76,13,20,9,17,2,11,5,0,4.0
Stench Kow,L,15,10,18,10,14,2,10,4,0,0.25
Stirge,T,2,14,4,16,11,2,8,6,0,0.125
Stone Giant,H,126,17,23,15,20,10,12,9,0,7.0
Stone Giant Dreamwalker,H,161,18,23,14,21,10,8,12,0,10.0
Stone Golem,L,178,17,22,9,20,3,11,1,0,10.0
Stonemelder,M,75,17,15,10,16,12,11,17,0,4.0
Storm Giant,H,230,16,29,14,20,16,18,18,0,13.0
Storm Giant Quintessent,H,230,12,29,14,20,17,30,19,1,16.0
Strahd Zombie,M,30,8,13,6,16,3,6,5,0,1.0
Strahd von Zarovich,M,144,16,18,18,18,20,15,18,1,15.0
Strahd's Animated Armor,M,112,21,17,13,16,9,10,9,0,6.0
Succubus/Incubus,M,66,15,8,17,13,15,12,20,0,4.0
Swarm of Bats,M,22,12,5,15,10,2,12,4,0,0.25
Swarm of Beetles,M,22,12,3,13,10,1,7,1,0,0.5
Swarm of Centipedes,M,22,12,3,13,10,1,7,1,0,0.5
Swarm of Cranium Rats,M,36,12,9,14,10,15,11,14,0,5.0
Swarm of Insects,M,22,12,3,13,10,1,7,1,0,0.5
Swarm of Poisonous Snakes,M,36,14,8,18,11,1,10,3,0,2.0
Swarm of Quippers,M,28,13,13,16,9,1,7,2,0,1.0
Swarm of Rats,M,24,10,9,11,9,2,10,3,0,0.25
Swarm of Ravens,M,24,12,6,14,8,3,12,6,0,0.25
Swarm of Rot Grubs,M,22,8,2,7,10,1,2,1,0,0.5
Swarm of Spiders,M,22,12,3,13,10,1,7,1,0,0.5
Swarm of Wasps,M,22,12,3,13,10,1,7,1,0,0.5
Swashbuckler,M,66,17,12,18,12,14,11,15,0,3.0
Talis the White,M,58,18,14,12,14,10,16,16,0,5.0
Tanarukk,M,95,14,18,13,20,9,9,9,0,5.0
Tarrasque,G,676,25,30,11,30,3,11,11,1,30.0
Tarul Var,M,105,16,11,16,16,19,14,16,1,13.0
Thayan Warrior,M,52,16,16,13,14,10,11,11,0,2.0
The Pudding King,S,49,13,10,16,14,12,8,17,0,4.0
Thorn Slinger,L,32,11,13,12,12,1,10,1,0,0.5
Thorny,M,27,14,13,12,13,2,10,6,0,1.0
Thri-kreen,M,33,15,12,15,13,8,12,7,0,1.0
Thri-kreen (Psionic),M,33,15,12,15,13,8,12,7,0,1.0
Thug,M,32,11,15,11,14,10,10,11,0,0.5
Thurl Merosska,M,71,16,16,14,14,11,10,15,0,3.0
Tiamat,G,615,25,30,10,30,26,26,28,1,30.0
Tiger,L,37,12,17,15,14,3,12,8,0,1.0
Tlincalli,L,85,15,16,13,16,8,12,8,0,5.0
Transmuter,M,40,12,9,14,11,17,12,11,0,5.0
Trapper,L,85,13,17,10,17,2,13,4,0,3.0
Treant,H,138,16,23,8,21,12,16,12,0,9.0
Tree Blight,H,149,15,23,10,20,6,10,3,0,7.0
Tressym,T,5,12,3,15,10,11,12,12,0,0.0
Tribal Warrior,M,11,12,13,11,12,8,11,8,0,0.125
Triceratops,H,95,13,22,9,17,2,11,5,0,5.0
Tridrone,M,16,15,12,13,12,9,10,9,0,0.5
Troglodyte,M,13,11,14,10,14,6,10,6,0,0.25
Troglodyte Champion of Laogzed,M,59,14,18,12,18,8,23,12,0,3.0
Troll,L,84,15,18,13,20,7,9,7,0,5.0
Twig Blight,S,4,13,6,13,12,4,8,3,0,0.125
Tyrannosaurus Rex,H,136,13,25,10,19,2,12,9,0,8.0
Ulitharid,L,127,15,15,12,15,21,19,21,0,9.0
Ultroloth,M,153,19,16,16,18,18,15,19,0,13.0
Umber Hulk,L,93,18,20,13,16,9,10,10,0,5.0
Unicorn,L,67,12,18,14,15,11,17,16,1,5.0
Uthgardt Shaman,M,38,13,14,12,13,10,15,12,0,2.0
Vampire,M,144,16,18,18,18,17,15,18,1,13.0
Vampire Spawn,M,82,15,16,16,16,11,10,12,0,5.0
Vampire Spellcaster,M,144,16,18,18,18,17,15,18,0,15.0
Vampire Warrior,M,144,18,18,18,18,17,15,18,0,15.0
Vampiric Ixitxachitl,M,44,16,14,18,13,12,13,7,0,2.0
Vampiric Ixitxachitl Cleric,M,44,16,14,18,13,12,13,7,0,2.0
Vampiric Mist,M,45,13,6,16,16,6,12,7,0,3.0
Vanifer,M,112,15,11,16,17,12,13,19,0,9.0
Vargouille,T,13,12,6,14,14,4,7,2,0,1.0
Vegepygmy,S,9,13,7,14,13,6,11,7,0,0.25
Vegepygmy Chief,S,33,14,14,14,14,7,12,9,0,2.0
Velociraptor,T,10,13,6,14,13,4,12,6,0,0.25
Veteran,M,58,17,16,13,14,10,11,10,0,3.0
Vine Blight,M,26,12,15,8,14,5,10,3,0,0.5
Violet Fungus,M,18,5,3,1,10,1,3,1,0,0.25
Vladimir Horngaard,M,192,17,18,14,18,13,16,18,0,7.0
Vrock,L,104,15,17,15,18,8,13,8,0,6.0
Vulture,M,5,10,7,10,13,2,12,4,0,0.0
War Priest,M,117,18,16,10,14,11,17,13,0,9.0
Warhorse,L,19,11,18,12,13,2,12,7,0,0.5
Warhorse Skeleton,L,22,13,18,12,15,2,8,5,0,0.5
Warlock of the Archfey,M,49,11,9,13,11,11,12,18,0,4.0
Warlock of the Fiend,M,78,12,10,14,15,12,12,18,0,7.0
Warlock of the Great Old One,M,91,12,9,14,15,12,12,18,0,6.0
Warlord,M,229,18,20,16,18,12,12,18,1,12.0
Water Elemental,L,114,14,18,14,18,5,10,8,0,5.0
Water Elemental Myrmidon,M,127,18,18,14,15,8,10,10,0,7.0
Water Weird,L,58,13,17,16,13,11,10,10,0,3.0
Weasel,T,1,13,3,16,8,2,12,3,0,0.0
Werebear,M,135,10,19,10,17,11,12,12,0,5.0
Wereboar,M,78,10,17,10,15,10,11,8,0,4.0
Wererat,M,33,12,10,15,12,11,10,8,0,2.0
Wereraven,M,31,12,10,15,11,13,15,14,0,2.0
Weretiger,M,120,12,17,15,16,10,13,11,0,4.0
Werewolf,M,58,11,15,13,14,10,11,10,0,3.0
White Dragon Wyrmling,M,32,16,14,10,14,5,10,11,0,2.0
White Guard Drake,M,52,14,16,11,16,4,10,7,0,2.0
White Maw,G,217,5,18,1,20,12,10,3,0,10.0
Wiggan Nettlebee,S,36,11,8,12,12,14,15,13,0,2.0
Wight,M,45,14,15,14,16,10,13,15,0,3.0
Will-o'-Wisp,T,22,19,1,28,10,13,14,11,0,2.0
Windharrow,M,55,15,10,16,12,14,10,17,0,3.0
Winged Kobold,S,7,13,7,16,9,8,7,8,0,0.25
Winter Wolf,L,75,13,18,13,14,7,12,8,0,3.0
Wolf,M,11,13,12,15,12,3,12,6,0,0.25
Wood Woad,M,75,18,18,12,16,10,13,8,0,5.0
Worg,L,26,13,16,13,13,7,11,8,0,0.5
Wraith,M,67,13,6,16,16,12,14,15,0,5.0
Wyvern,L,110,13,19,10,16,5,12,6,0,6.0
Xorn,M,73,19,17,10,22,11,10,11,0,5.0
Xvart,S,7,13,8,14,10,8,7,7,0,0.125
Xvart Speaker,S,7,13,8,14,10,11,7,7,0,0.125
Xvart Warlock of Raxivort,S,22,12,8,14,12,8,11,12,0,1.0
Yakfolk Priest,L,52,12,16,11,15,14,18,14,0,4.0
Yakfolk Warrior,L,60,11,18,11,15,14,15,14,0,3.0
Yan-C-Bin,H,283,22,18,24,24,16,21,23,1,18.0
Yeenoghu,H,348,22,29,16,23,15,24,15,1,24.0
Yestabrod,L,75,15,12,10,14,13,15,10,1,4.0
Yeth Hound,L,51,14,18,17,16,5,12,7,0,4.0
Yeti,L,51,12,18,13,16,8,12,7,0,3.0
Yochlol,M,136,15,15,14,18,13,15,15,0,10.0
Young Black Dragon,L,127,18,19,14,17,12,11,15,0,7.0
Young Blue Dragon,L,152,18,21,10,19,14,13,17,0,9.0
Young Brass Dragon,L,110,17,19,10,17,12,11,15,0,6.0
Young Bronze Dragon,L,142,18,21,10,19,14,13,17,0,8.0
Young Copper Dragon,L,119,17,19,12,17,16,13,15,0,7.0
Young Gold Dragon,L,178,18,23,14,21,16,13,20,0,10.0
Young Green Dragon,L,136,18,19,12,17,16,13,15,0,8.0
Young Red Dragon,L,178,18,23,10,21,14,11,19,0,10.0
Young Red Shadow Dragon,L,178,18,23,10,21,14,11,19,0,13.0
Young Remorhaz,L,93,14,18,13,17,3,10,4,0,5.0
Young Silver Dragon,L,168,18,23,10,21,14,11,19,0,9.0
Young White Dragon,L,133,17,18,10,18,6,11,12,0,6.0
Yuan-ti Abomination,L,127,15,19,16,17,17,15,18,0,7.0
Yuan-ti Anathema,H,189,16,23,13,19,19,17,20,0,12.0
Yuan-ti Broodguard,M,45,14,15,14,14,6,11,4,0,2.0
Yuan-ti Malison Type 1,M,66,12,16,14,13,14,12,16,0,3.0
Yuan-ti Malison Type 2,M,66,12,16,14,13,14,12,16,0,3.0
Yuan-ti Malison Type 3,M,66,12,16,14,13,14,12,16,0,3.0
Yuan-ti Mind Whisperer,M,71,14,16,14,13,14,12,16,0,4.0
Yuan-ti Nightmare Speaker,M,71,14,16,14,13,14,12,16,0,4.0
Yuan-ti Pit Master,M,88,14,16,14,13,14,12,16,0,5.0
Yuan-ti Pureblood,M,40,11,11,12,11,13,12,14,0,1.0
Yusdrayl,S,16,12,8,15,14,10,10,16,0,1.0
Zi Liang,M,22,15,12,15,11,14,16,11,0,0.0
Zombie,M,22,8,13,6,16,3,6,5,0,0.25
Zuggtmoy,L,304,18,22,15,18,20,19,24,1,23.0
